<?xml version="1.0" encoding="UTF-8"?>
<office:document-content xmlns:office="urn:oasis:names:tc:opendocument:xmlns:office:1.0" xmlns:style="urn:oasis:names:tc:opendocument:xmlns:style:1.0" xmlns:text="urn:oasis:names:tc:opendocument:xmlns:text:1.0" xmlns:table="urn:oasis:names:tc:opendocument:xmlns:table:1.0" xmlns:draw="urn:oasis:names:tc:opendocument:xmlns:drawing:1.0" xmlns:fo="urn:oasis:names:tc:opendocument:xmlns:xsl-fo-compatible:1.0" xmlns:xlink="http://www.w3.org/1999/xlink" xmlns:dc="http://purl.org/dc/elements/1.1/" xmlns:meta="urn:oasis:names:tc:opendocument:xmlns:meta:1.0" xmlns:number="urn:oasis:names:tc:opendocument:xmlns:datastyle:1.0" xmlns:svg="urn:oasis:names:tc:opendocument:xmlns:svg-compatible:1.0" xmlns:chart="urn:oasis:names:tc:opendocument:xmlns:chart:1.0" xmlns:dr3d="urn:oasis:names:tc:opendocument:xmlns:dr3d:1.0" xmlns:math="http://www.w3.org/1998/Math/MathML" xmlns:form="urn:oasis:names:tc:opendocument:xmlns:form:1.0" xmlns:script="urn:oasis:names:tc:opendocument:xmlns:script:1.0" xmlns:ooo="http://openoffice.org/2004/office" xmlns:ooow="http://openoffice.org/2004/writer" xmlns:oooc="http://openoffice.org/2004/calc" xmlns:dom="http://www.w3.org/2001/xml-events" xmlns:db="urn:oasis:names:tc:opendocument:xmlns:database:1.0" xmlns:xforms="http://www.w3.org/2002/xforms" xmlns:xsd="http://www.w3.org/2001/XMLSchema" xmlns:xsi="http://www.w3.org/2001/XMLSchema-instance" xmlns:rpt="http://openoffice.org/2005/report" xmlns:of="urn:oasis:names:tc:opendocument:xmlns:of:1.2" xmlns:xhtml="http://www.w3.org/1999/xhtml" xmlns:grddl="http://www.w3.org/2003/g/data-view#" xmlns:tableooo="http://openoffice.org/2009/table" xmlns:field="urn:openoffice:names:experimental:ooo-ms-interop:xmlns:field:1.0" office:version="1.2" grddl:transformation="http://docs.oasis-open.org/office/1.2/xslt/odf2rdf.xsl"><office:scripts/><office:font-face-decls><style:font-face style:name="F" svg:font-family=""/></office:font-face-decls><office:automatic-styles><style:style style:name="co1" style:family="table-column"/><style:style style:name="co2" style:family="table-column" style:data-style-name="N100"/><style:style style:name="ce1" style:family="table-cell"><style:paragraph-properties fo:text-align="start"/></style:style><number:text-style style:name="N100" number:language="es" number:country="ES"><number:text-content/></number:text-style></office:automatic-styles><office:body><office:database><db:data-source><db:connection-data><db:connection-resource xlink:href="sdbc:embedded:hsqldb"/><db:login db:is-password-required="false"/></db:connection-data><db:driver-settings db:system-driver-settings="" db:base-dn="" db:parameter-name-substitution="false"/><db:application-connection-settings db:is-table-name-length-limited="false" db:append-table-alias-name="false" db:max-row-count="100"><db:table-filter><db:table-include-filter><db:table-filter-pattern>%</db:table-filter-pattern></db:table-include-filter></db:table-filter></db:application-connection-settings></db:data-source><db:table-representations><db:table-representation db:name="P"><db:columns><db:column db:name="ciudad" db:help-message="Ciudad en la que se almacena la pieza"/><db:column db:name="color" db:help-message="Color de la pieza"/><db:column db:name="peso" db:help-message="Peso de la pieza"/><db:column db:name="pn" db:help-message="Código de la pieza"/><db:column db:name="pnombre" db:help-message="Nombre de la pieza"/></db:columns></db:table-representation><db:table-representation db:name="S"><db:columns><db:column db:name="ciudad" db:help-message="Ciudad donde se ubica el proveedor"/><db:column db:name="estado" db:help-message="Estado del proveedor"/><db:column db:name="sn" db:help-message="Código del proveedor"/><db:column db:name="snombre" db:help-message="Nombre del proveedor"/></db:columns></db:table-representation><db:table-representation db:name="SP"><db:columns><db:column db:name="cant" db:help-message="Nº de unidades que cada proveedor envía mensualmente de cada pieza"/><db:column db:name="pn" db:help-message="Código de pieza"/><db:column db:name="sn" db:help-message="Código de proveedor"/></db:columns></db:table-representation></db:table-representations></office:database></office:body></office:document-content>